Date,Open,High,Low,Close
2021-01-01,32052.76,32393.82,31828.9,32036.22
2021-01-04,32774.6,32797.62,32386.23,32739.82
2021-01-05,33046.14,33428.48,32890.71,33095.79
2021-01-06,32773.77,33040.36,32487.04,32655.5
2021-01-07,32504.28,32644.69,31954.98,32337.14
2021-01-08,32729.84,32830.52,32558.88,32603.11
2021-01-11,32261.37,32337.65,31988.2,32297.04
2021-01-12,31344.92,31698.89,30931.47,31250.3
2021-01-13,31246.24,31299.45,31179.97,31236.5
2021-01-14,30378.34,30623.92,30117.89,30528.87
2021-01-15,31412.77,31673.29,31151.77,31328.36
2021-01-18,31446.55,31714.53,31106.51,31428.17
2021-01-19,31318.86,31379.28,30658.11,30995.63
2021-01-20,30847.94,31149.31,30347.55,30668.64
2021-01-21,29866.19,30049.07,29758.34,29781.35
2021-01-22,29310.94,29609.37,29015.8,29281.75
2021-01-25,29785.5,29816.69,29436.83,29766.0
2021-01-26,30719.45,30858.88,30490.4,30843.03
2021-01-27,30993.93,31448.84,30770.45,31210.27
2021-01-28,31068.81,31233.56,31052.03,31177.44
2021-01-29,30972.44,31173.5,30654.28,30978.36
2021-02-01,30271.3,30532.49,30254.44,30527.32
2021-02-02,31477.72,31841.58,31359.3,31546.33
2021-02-03,31434.03,31804.83,31084.79,31465.18
2021-02-04,32516.08,32871.72,32145.5,32544.11
2021-02-05,33191.45,33662.14,32796.38,33279.42
2021-02-08,32348.09,32743.35,32163.16,32392.31
2021-02-09,32288.97,32461.01,31998.81,32067.08
2021-02-10,31827.76,31979.91,31557.71,31743.58
2021-02-11,31645.27,32057.35,31606.41,31716.27
2021-02-12,31690.07,32051.33,31358.26,31698.73
2021-02-15,33239.76,33631.61,33016.17,33243.52
2021-02-16,32597.0,32998.75,32438.77,32697.28
2021-02-17,32727.58,32908.0,32696.35,32828.42
2021-02-18,33296.18,33673.74,33000.61,33161.87
2021-02-19,33118.55,33551.26,32774.31,33174.21
2021-02-22,33099.76,33510.76,32820.37,33245.01
2021-02-23,32709.8,33052.0,32677.44,32715.45
2021-02-24,32798.84,33019.71,32720.46,32783.36
2021-02-25,32801.72,33436.15,32647.3,33061.58
2021-02-26,33240.36,33283.26,33199.92,33245.78
2021-03-01,33675.7,34024.83,33182.83,33558.98
2021-03-02,34389.55,34412.45,34058.84,34327.53
2021-03-03,35163.89,35306.98,34811.99,34851.65
2021-03-04,35079.77,35136.73,34574.57,34904.65
2021-03-05,34479.3,34677.54,34128.5,34280.05
2021-03-08,34353.76,34449.5,33871.31,33971.13
2021-03-09,33970.13,34358.24,33635.62,33867.27
2021-03-10,34037.82,34266.27,34010.16,34015.62
2021-03-11,33905.55,34270.8,33585.13,33773.74
2021-03-12,33218.51,33403.99,32882.15,33292.9
2021-03-15,32702.75,32712.95,32324.63,32688.67
2021-03-16,31779.8,32158.82,31649.16,31862.25
2021-03-17,31807.76,32075.86,31512.35,31757.17
2021-03-18,30962.06,31246.11,30877.79,31042.9
2021-03-19,30485.85,30868.83,30280.91,30569.73
2021-03-22,30443.05,30749.94,30300.09,30392.74
2021-03-23,29755.41,29981.84,29551.4,29771.81
2021-03-24,29732.16,30309.58,29670.89,29962.28
2021-03-25,30149.59,30587.55,29809.05,30325.64
2021-03-26,29938.6,30320.6,29619.96,30076.3
2021-03-29,29776.52,30011.47,29656.13,29881.87
2021-03-30,30197.83,30198.65,29866.84,30147.82
2021-03-31,29848.68,29934.98,29788.37,29822.55
2021-04-01,29594.72,29866.02,29207.07,29468.88
2021-04-02,30131.95,30388.62,29939.52,30041.35
2021-04-05,30605.63,30727.2,30425.08,30474.68
2021-04-06,30851.96,31083.56,30526.49,30776.97
2021-04-07,31267.51,31340.79,31065.17,31241.3
2021-04-08,30429.0,30525.26,30102.75,30295.48
2021-04-09,31074.7,31427.98,30767.23,30960.63
2021-04-12,31211.66,31366.42,31142.51,31164.75
2021-04-13,31838.84,31932.44,31657.84,31677.37
2021-04-14,31585.99,32070.13,31358.12,31883.76
2021-04-15,31883.93,32069.24,31645.24,31921.0
2021-04-16,31756.64,32073.86,31738.67,31795.51
2021-04-19,32140.43,32511.5,31847.29,31992.58
2021-04-20,32049.35,32276.92,31614.31,31848.53
2021-04-21,32112.81,32528.76,31859.76,32299.63
2021-04-22,31693.54,31832.3,31201.91,31515.15
2021-04-23,31113.76,31471.7,30956.68,31259.9
2021-04-26,32148.67,32419.51,31937.16,32295.76
2021-04-27,31961.62,31992.0,31739.71,31991.58
2021-04-28,31843.65,32215.58,31724.41,31884.2
2021-04-29,31261.1,31618.69,31240.91,31456.58
2021-04-30,31718.29,31905.59,31634.34,31635.95
2021-05-03,31368.79,31400.22,30969.77,31283.66
2021-05-04,31336.57,31651.35,31129.75,31204.73
2021-05-05,31582.43,31701.9,31343.57,31637.24
2021-05-06,31298.46,31457.66,31081.73,31303.41
2021-05-07,31703.33,32026.9,31551.29,31707.19
2021-05-10,32350.88,32528.59,31811.79,32133.18
2021-05-11,32316.02,33049.68,32045.18,32684.47
2021-05-12,32644.69,32852.2,32635.78,32769.89
2021-05-13,34500.51,34796.62,34178.2,34499.75
2021-05-14,34939.35,35503.23,34726.78,35091.4
2021-05-17,35248.96,35518.12,35102.17,35285.4
2021-05-18,34798.26,35105.0,34494.72,34815.81
2021-05-19,34685.06,34940.53,34399.51,34776.43
2021-05-20,35589.73,35910.61,35447.94,35580.55
2021-05-21,36657.99,37057.8,36134.65,36565.99
2021-05-24,37406.78,37758.03,37115.59,37442.15
2021-05-25,37854.38,38348.98,37579.2,37923.06
2021-05-26,37170.61,37458.01,37139.44,37195.27
2021-05-27,37495.49,37756.29,37369.81,37496.61
2021-05-28,36530.07,36919.72,36334.13,36785.25
2021-05-31,36014.24,36320.93,35675.78,35947.82
2021-06-01,36032.72,36479.83,35811.01,36097.79
2021-06-02,36595.09,36878.92,36077.5,36410.89
2021-06-03,37034.72,37138.29,36830.85,36947.27
2021-06-04,37427.21,37671.58,36938.56,37252.45
2021-06-07,37428.86,37921.44,37062.09,37580.53
2021-06-08,36962.01,37434.23,36622.68,37016.96
2021-06-09,36787.2,37039.95,36446.91,36970.48
2021-06-10,36015.92,36172.91,35631.91,36117.65
2021-06-11,35185.6,35359.96,34974.45,35009.82
2021-06-14,35646.08,35699.81,35138.16,35434.62
2021-06-15,34870.21,35442.87,34464.88,35030.73
2021-06-16,35464.42,35710.39,35220.29,35529.49
2021-06-17,36158.42,36401.05,36064.13,36169.44
2021-06-18,35916.63,36014.51,35403.14,35832.6
2021-06-21,35927.83,36376.63,35852.52,36181.63
2021-06-22,35592.11,36244.33,35448.79,35821.06
2021-06-23,34876.79,35081.31,34736.68,34808.55
2021-06-24,34619.1,34893.75,34426.13,34890.05
2021-06-25,34584.16,34746.86,34410.32,34646.03
2021-06-28,34442.71,34847.12,34217.48,34420.39
2021-06-29,35581.2,36003.5,35126.52,35522.09
2021-06-30,34672.77,34780.06,34473.75,34692.43
2021-07-01,34865.05,35173.89,34649.74,34916.1
2021-07-02,34503.35,34535.19,34021.1,34386.98
2021-07-05,34936.06,35178.14,34553.78,34896.22
2021-07-06,34983.88,35127.53,34883.24,35074.53
2021-07-07,35304.03,35650.86,35293.23,35298.7
2021-07-08,34844.49,35237.36,34528.32,34791.13
2021-07-09,34624.98,34696.86,34039.19,34387.82
2021-07-12,35017.48,35211.92,34675.93,34907.51
2021-07-13,36083.82,36128.01,35817.94,35908.94
2021-07-14,36107.65,36343.26,35786.43,36195.95
2021-07-15,35627.38,35730.05,35341.13,35702.16
2021-07-16,35873.69,36021.47,35630.45,35907.48
2021-07-19,37300.15,37765.06,36913.72,37321.58
2021-07-20,37246.18,37416.68,36895.66,37396.66
2021-07-21,38477.12,38873.73,37975.92,38282.78
2021-07-22,37988.03,38023.34,37552.08,37854.04
2021-07-23,37797.73,38084.21,37497.38,37843.98
2021-07-26,38328.46,38536.41,37989.28,38230.21
2021-07-27,38519.77,38950.37,38271.19,38485.44
2021-07-28,38148.51,38239.63,37714.92,38038.83
2021-07-29,37370.38,37652.88,37096.6,37571.87
2021-07-30,38154.12,38519.35,37929.78,38176.36
2021-08-02,38905.91,39253.84,38846.78,38914.95
2021-08-03,39968.19,40303.53,39532.79,39868.61
2021-08-04,40930.75,41046.63,40613.45,41033.77
2021-08-05,40727.86,41265.5,40560.59,41137.17
2021-08-06,40775.49,41365.05,40601.14,40952.3
2021-08-09,41839.33,42151.3,41715.46,41849.55
2021-08-10,42349.78,42655.81,41850.24,42338.96
2021-08-11,41987.3,42136.4,41274.97,41705.47
2021-08-12,41144.15,41272.61,40772.0,41048.36
2021-08-13,41397.52,41867.74,41184.56,41384.02
2021-08-16,41279.67,41645.57,40914.68,41285.02
2021-08-17,41466.97,41530.1,41022.78,41284.22
2021-08-18,41905.1,42476.78,41414.39,42004.13
2021-08-19,42502.27,42823.32,42474.15,42526.12
2021-08-20,43254.53,43617.19,43236.73,43443.4
2021-08-23,42398.48,42600.54,41870.86,42158.53
2021-08-24,42410.43,42779.61,42240.61,42343.9
2021-08-25,42705.66,43020.07,42395.97,42826.69
2021-08-26,41806.8,42116.43,41414.78,41825.95
2021-08-27,41497.73,41851.54,41344.58,41413.22
2021-08-30,40843.91,40980.74,40627.95,40884.89
2021-08-31,40827.72,41378.7,40490.32,40915.09
2021-09-01,41884.47,42173.71,41465.36,41994.23
2021-09-02,43429.44,43648.0,43112.28,43370.6
2021-09-03,42773.66,43194.02,42667.85,42834.97
2021-09-06,43130.44,43524.46,42827.25,43208.8
2021-09-07,43375.59,43838.34,43139.01,43608.02
2021-09-08,43906.09,44248.42,43485.88,43892.46
2021-09-09,44154.63,44665.36,43860.26,44186.65
2021-09-10,44359.04,44842.69,44210.3,44416.14
2021-09-13,45666.8,46118.5,45217.43,45630.51
2021-09-14,46587.28,46731.75,46159.52,46448.1
2021-09-15,45825.6,46056.23,45599.82,45697.18
2021-09-16,46394.26,46702.59,45979.01,46291.8
2021-09-17,46920.4,46990.5,46386.45,46965.59
2021-09-20,47110.9,47654.04,46712.05,47217.87
2021-09-21,47885.45,48272.47,47713.75,48085.82
2021-09-22,48133.26,48411.22,47722.66,48247.6
2021-09-23,48423.18,48573.85,48255.17,48419.37
2021-09-24,48378.77,48696.2,48063.71,48531.17
2021-09-27,47049.62,47240.47,46734.35,47031.55
2021-09-28,46809.56,47331.74,46670.6,46990.68
2021-09-29,46209.17,46842.95,46016.27,46517.2
2021-09-30,45824.18,45964.79,45157.83,45674.23
2021-10-01,46647.39,46851.77,46507.12,46736.0
2021-10-04,46969.76,47594.61,46518.27,47127.28
2021-10-05,46918.11,47176.28,46542.37,47123.84
2021-10-06,46804.21,47092.24,46426.44,46725.08
2021-10-07,47221.15,47516.12,46884.66,46962.16
2021-10-08,47643.22,48048.87,47526.26,47720.1
2021-10-11,47080.73,47622.14,46979.61,47121.34
2021-10-12,47338.94,47693.37,46804.55,47136.46
2021-10-13,47459.3,48362.77,46904.95,47804.24
2021-10-14,46753.52,47242.38,45898.82,46387.13
2021-10-15,46818.98,46939.62,46349.44,46363.49
2021-10-18,45573.34,46202.71,45423.65,46069.37
2021-10-19,45972.69,46180.9,45885.94,45990.62
2021-10-20,45515.76,45861.3,44982.86,45646.84
2021-10-21,45715.6,46067.73,45586.35,45764.04
2021-10-22,47111.46,47322.03,46997.65,47190.37
2021-10-25,47121.64,47247.37,46618.94,46968.88
2021-10-26,47182.63,47419.92,46867.72,47203.88
2021-10-27,48552.4,49122.6,48420.81,48729.63
2021-10-28,48295.26,48727.61,47906.75,48328.53
2021-10-29,49851.9,50435.83,49691.44,49749.35
2021-11-01,49538.16,49894.17,49526.64,49773.27
2021-11-02,50874.01,51451.54,50823.7,51210.12
2021-11-03,52254.16,52859.06,51612.32,51839.3
2021-11-04,51977.56,52542.79,51369.42,52111.3
2021-11-05,52049.53,52448.27,51707.72,52078.13
2021-11-08,51507.27,51923.37,51040.79,51589.29
2021-11-09,51784.82,51831.74,51472.06,51671.41
2021-11-10,52800.71,53366.76,51975.06,52427.62
2021-11-11,52559.38,52953.9,51829.63,52437.6
2021-11-12,51881.43,52555.56,51658.7,52197.49
2021-11-15,51725.21,52349.11,51105.09,52012.38
2021-11-16,52768.41,53101.26,52364.16,52852.69
2021-11-17,53845.94,54068.47,53362.24,53903.74
2021-11-18,52995.25,53845.19,52834.89,53361.53
2021-11-19,52996.99,53321.05,52415.94,52823.58
2021-11-22,52930.7,53182.85,52606.13,53161.2
2021-11-23,54803.56,55066.03,53851.96,54477.19
2021-11-24,55896.91,56519.78,54888.9,55491.31
2021-11-25,54375.6,54673.83,54116.77,54429.62
2021-11-26,54320.54,54589.9,53609.11,54225.24
2021-11-29,53194.76,53857.81,52629.95,53457.54
2021-11-30,53386.95,53900.54,52876.65,53253.93
2021-12-01,54529.55,55076.61,54475.82,54638.32
2021-12-02,53217.09,53994.25,53114.41,53449.03
2021-12-03,52063.98,52195.55,52015.95,52124.27
2021-12-06,51373.16,52040.01,51306.59,51468.96
2021-12-07,51655.66,52283.93,51050.08,51722.89
2021-12-08,52450.61,52777.37,52118.71,52251.74
2021-12-09,52468.76,53028.43,52033.78,52633.84
2021-12-10,54012.28,54150.22,53229.02,53638.73
2021-12-13,51914.7,52471.13,51521.51,52190.59
2021-12-14,53542.48,53672.72,53065.66,53197.62
2021-12-15,52742.91,52971.77,52376.23,52957.8
2021-12-16,53592.44,54223.49,53190.16,53592.66
2021-12-17,52405.22,52671.36,52046.51,52508.08
2021-12-20,52460.84,52906.91,52343.64,52533.02
2021-12-21,52919.14,53109.81,52292.09,52749.78
2021-12-22,54063.38,54303.83,53692.78,53740.01
2021-12-23,52686.08,52937.56,52063.78,52435.78
2021-12-24,52397.08,52693.01,52122.78,52482.01
2021-12-27,51651.2,52046.27,51458.12,51613.14
2021-12-28,51883.75,52646.47,51381.07,52046.31
2021-12-29,52499.55,52979.3,52388.74,52708.19
2021-12-30,53562.73,54437.37,52963.05,53808.89
2021-12-31,53285.23,53806.33,52719.62,53378.58
2022-01-03,54239.38,54634.55,53950.79,54185.26
2022-01-04,54959.17,55538.64,54757.92,55381.07
2022-01-05,53977.68,54028.45,53888.62,53987.68
2022-01-06,54864.17,55425.05,53932.83,54532.47
2022-01-07,55632.96,56016.15,54966.8,55383.86
2022-01-10,55051.54,55454.96,55030.54,55180.55
2022-01-11,53858.06,54687.54,53527.8,54159.83
2022-01-12,55093.17,55298.5,54935.31,54991.93
2022-01-13,53486.17,54491.91,53117.92,53984.27
2022-01-14,54093.9,54306.79,53525.31,53854.22
2022-01-17,53795.59,54436.55,53742.11,53841.57
2022-01-18,54873.83,55050.28,53940.02,54473.33
2022-01-19,53588.35,54048.88,53419.67,53959.81
2022-01-20,53598.86,54047.87,53055.38,53402.37
2022-01-21,53485.35,53611.42,53075.2,53506.86
2022-01-24,54311.26,55002.78,53684.09,54383.23
2022-01-25,56092.22,56844.1,55759.84,56400.42
2022-01-26,55230.53,55383.53,54492.55,55099.07
2022-01-27,55545.38,55684.57,55159.47,55395.36
2022-01-28,54867.53,55475.82,53916.62,54477.15
2022-01-31,55604.0,56009.59,55223.52,55380.24
2022-02-01,54459.84,55174.82,53997.48,54589.36
2022-02-02,53817.34,54105.35,53760.11,54033.87
2022-02-03,53263.64,54150.72,52633.39,53556.0
2022-02-04,53829.28,54165.21,52900.43,53513.0
2022-02-07,53640.19,54239.01,53355.55,53807.42
2022-02-08,54562.49,54806.63,53899.36,54240.39
2022-02-09,54371.06,54409.65,53867.78,54256.99
2022-02-10,53223.73,53835.57,52978.11,53153.54
2022-02-11,53721.63,54429.57,53286.82,53787.61
2022-02-14,53906.37,54142.19,53313.41,53764.1
2022-02-15,54775.14,55398.98,54430.01,54778.53
2022-02-16,54112.89,54301.95,54016.96,54192.87
2022-02-17,53010.86,53109.26,52280.38,52863.48
2022-02-18,52825.7,52902.5,52752.77,52856.13
2022-02-21,53795.32,54220.77,53389.16,53967.38
2022-02-22,54255.84,54289.89,54058.86,54125.82
2022-02-23,53963.49,54232.93,53868.88,53977.3
2022-02-24,53367.9,53456.52,53250.5,53263.63
2022-02-25,54681.06,55260.64,54442.63,54780.42
2022-02-28,53660.57,54459.95,53248.72,53920.72
2022-03-01,53700.81,54144.05,52995.64,53329.4
2022-03-02,54165.72,54296.04,53395.93,53831.67
2022-03-03,52486.93,52969.93,51878.06,52301.71
2022-03-04,53300.6,53543.18,53210.95,53383.35
2022-03-07,53867.35,54423.63,53830.29,53932.1
2022-03-08,55026.42,55401.09,54312.35,54723.0
2022-03-09,55149.92,55471.06,54717.61,55228.03
2022-03-10,54970.66,55165.14,54603.44,55109.93
2022-03-11,54623.96,55166.38,54056.52,54216.41
2022-03-14,54108.1,54728.65,53581.67,54118.42
2022-03-15,53693.21,54122.27,53266.32,53314.74
2022-03-16,53446.03,54367.9,53040.49,53745.82
2022-03-17,54567.64,55179.31,54375.97,54454.65
2022-03-18,56221.94,56353.23,55320.21,55758.1
2022-03-21,56114.45,56606.83,55826.52,56107.77
2022-03-22,56893.2,57192.04,56402.94,56953.31
2022-03-23,56445.64,57041.68,56410.29,56709.91
2022-03-24,56551.01,56657.53,55931.65,56306.71
2022-03-25,56576.27,57414.66,56477.91,56750.82
2022-03-28,56407.46,56920.56,55945.56,56428.85
2022-03-29,56411.82,56872.65,56330.62,56691.07
2022-03-30,56122.06,56372.23,55724.39,55773.64
2022-03-31,55281.23,55561.49,54555.56,55026.44
2022-04-01,55594.88,56100.67,55552.49,55601.9
2022-04-04,56146.35,57032.74,55995.07,56406.16
2022-04-05,55901.78,56117.4,55009.53,55559.39
2022-04-06,56089.4,56490.05,55544.42,56171.56
2022-04-07,55478.56,56121.04,54909.94,55724.37
2022-04-08,55369.33,56024.18,55152.66,55760.98
2022-04-11,56894.69,57387.0,56534.17,57041.89
2022-04-12,57459.53,57868.15,56926.3,57794.84
2022-04-13,58401.34,58664.82,58305.34,58547.01
2022-04-14,60537.63,60829.01,59832.97,60357.64
2022-04-15,59626.36,60371.6,59556.6,59715.96
2022-04-18,58903.05,59149.99,58174.7,58819.3
2022-04-19,58009.18,58351.65,57565.54,58177.26
2022-04-20,57982.66,58499.54,57624.4,57967.55
2022-04-21,56310.62,56951.97,55554.57,55879.61
2022-04-22,55641.85,56026.45,55520.76,55719.47
2022-04-25,55350.63,55356.34,55036.17,55265.58
2022-04-26,55624.74,56436.38,55139.39,55974.16
2022-04-27,56651.44,56933.61,55942.51,56308.02
2022-04-28,55693.58,56251.07,55339.84,55800.0
2022-04-29,56580.46,56769.02,56211.19,56343.2
2022-05-02,56983.18,57012.91,56511.11,57011.26
2022-05-03,56485.75,56719.26,56082.66,56347.74
2022-05-04,56084.45,56558.79,55811.45,55934.12
2022-05-05,53931.54,54284.11,53320.74,54029.23
2022-05-06,53362.77,53503.12,52807.1,53130.21
2022-05-09,52374.19,52825.94,52042.32,52533.43
2022-05-10,52779.68,53256.19,51996.08,52615.7
2022-05-11,51777.84,51933.04,51550.18,51858.72
2022-05-12,51533.5,51961.28,50879.14,51461.49
2022-05-13,50404.75,50902.38,49984.42,50497.99
2022-05-16,50664.48,50889.87,50269.52,50654.35
2022-05-17,50796.5,51609.36,50653.61,51015.34
2022-05-18,51410.89,51962.86,51328.11,51360.01
2022-05-19,51399.48,51594.48,51120.42,51390.39
2022-05-20,50069.79,50196.81,50063.68,50178.09
2022-05-23,49699.35,49894.2,49657.0,49710.29
2022-05-24,49438.54,49560.0,49059.05,49412.05
2022-05-25,48997.75,49441.26,48571.78,49118.7
2022-05-26,49170.92,49738.64,49071.82,49196.25
2022-05-27,50131.13,50858.86,49690.48,50333.18
2022-05-30,51482.07,51671.0,50420.03,51001.27
2022-05-31,50447.44,50706.9,49786.18,50234.17
2022-06-01,50849.41,50871.71,50315.59,50793.89
2022-06-02,51570.27,51907.02,50897.44,51329.05
2022-06-03,50301.87,50740.24,50166.21,50701.69
2022-06-06,50881.21,51983.42,50660.86,51404.44
2022-06-07,51213.26,51828.75,50629.88,51295.12
2022-06-08,49912.6,50317.59,49516.57,50188.59
2022-06-09,50521.9,50994.14,50043.54,50569.74
2022-06-10,50804.74,51151.04,50172.88,50762.96
2022-06-13,50787.99,51276.38,50460.82,50601.35
2022-06-14,50361.76,50880.35,50167.35,50591.58
2022-06-15,50121.8,50237.14,49654.54,50041.74
2022-06-16,50547.86,50935.97,50530.17,50544.95
2022-06-17,50600.71,50649.45,50184.05,50530.42
2022-06-20,50577.89,51038.7,50087.07,50683.16
2022-06-21,51272.14,51403.01,50615.74,50989.26
2022-06-22,50069.64,50502.07,49892.15,50090.37
2022-06-23,49761.36,50255.81,48980.13,49409.46
2022-06-24,47587.68,47801.11,47504.29,47738.37
2022-06-27,48327.34,48559.47,47666.59,48183.96
2022-06-28,47280.3,47707.86,47223.05,47291.59
2022-06-29,47347.12,47502.37,46856.52,47409.23
2022-06-30,47826.78,48151.92,47420.98,47705.96
2022-07-01,48122.15,48568.21,47874.63,48179.78
2022-07-04,46792.68,47494.94,46511.56,47293.59
2022-07-05,46688.31,47735.7,46576.14,47263.83
2022-07-06,48790.53,49089.52,48276.23,48542.83
2022-07-07,50137.16,50514.39,49382.31,49891.04
2022-07-08,51077.11,51163.45,50205.73,50692.96
2022-07-11,50979.76,50997.51,50880.02,50983.34
2022-07-12,49943.69,50233.17,49540.1,50202.6
2022-07-13,50708.95,51345.1,50187.56,50794.13
2022-07-14,50690.31,51227.21,50189.36,50687.99
2022-07-15,50952.06,51653.49,50691.82,51157.72
2022-07-18,51005.74,51127.91,50641.26,50670.5
2022-07-19,51007.63,51329.26,49987.87,50552.74
2022-07-20,50800.81,51286.13,50462.84,50703.71
2022-07-21,50918.74,51333.21,50698.17,50920.95
2022-07-22,51073.55,51409.96,50608.06,51338.79
2022-07-25,51208.62,51758.93,50731.62,50892.83
2022-07-26,49862.51,49958.65,49347.97,49847.29
2022-07-27,51100.4,51265.01,51053.76,51159.54
2022-07-28,53328.59,53905.18,52752.94,53226.04
2022-07-29,53498.2,53935.53,52878.18,53623.69
2022-08-01,52568.88,52804.11,51910.21,52538.0
2022-08-02,51624.02,52267.71,51051.73,51922.74
2022-08-03,52589.68,53209.02,51814.37,52361.5
2022-08-04,53478.05,53577.2,53299.09,53500.39
2022-08-05,52752.96,53232.13,51899.91,52509.0
2022-08-08,52384.92,52637.42,51801.63,52427.09
2022-08-09,52581.33,52683.88,52244.15,52609.98
2022-08-10,53094.28,53622.51,52838.1,53352.37
2022-08-11,53247.09,53597.72,53015.91,53085.52
2022-08-12,51633.45,51942.72,51267.5,51814.66
2022-08-15,52243.07,52599.38,51803.89,52344.82
2022-08-16,53301.68,53708.27,53043.05,53301.46
2022-08-17,53279.13,53647.68,52993.83,53253.3
2022-08-18,53250.87,54080.79,52884.52,53615.52
2022-08-19,53188.36,53771.82,53170.63,53237.49
2022-08-22,52721.37,52980.22,51949.86,52553.93
2022-08-23,53350.75,53702.75,53165.15,53431.55
2022-08-24,53731.63,54100.5,53640.79,53779.95
2022-08-25,54253.63,54622.35,54214.82,54218.39
2022-08-26,55510.34,55610.51,54939.54,55538.31
2022-08-29,54420.21,54850.01,53856.5,54645.0
2022-08-30,54185.62,54305.28,54123.65,54193.5
2022-08-31,54566.56,54819.22,54250.73,54350.02
2022-09-01,53664.41,54519.98,53375.97,53890.53
2022-09-02,54499.25,54962.62,54377.8,54580.94
2022-09-05,54141.65,54722.21,53663.59,54441.7
2022-09-06,53820.9,54186.41,53581.27,53618.61
2022-09-07,53675.65,54126.6,53321.58,53695.48
2022-09-08,53678.23,54142.21,53431.66,53861.09
2022-09-09,54701.66,54995.55,54376.39,54681.47
2022-09-12,54778.56,55506.2,54499.34,55042.92
2022-09-13,55237.3,55506.63,55135.78,55466.12
2022-09-14,55443.96,56130.17,55297.4,55768.73
2022-09-15,55388.88,55991.08,55345.8,55625.73
2022-09-16,55323.22,55825.61,54947.54,55023.67
2022-09-19,55134.55,55948.51,54487.56,55296.46
2022-09-20,55131.68,55658.13,54844.2,55028.96
2022-09-21,56346.68,56877.27,56139.09,56535.49
2022-09-22,57941.91,58059.73,57678.03,57766.14
2022-09-23,58128.82,58779.92,57602.06,58367.89
2022-09-26,58749.34,59337.52,58088.71,58740.12
2022-09-27,58694.5,59351.23,58125.96,58682.09
2022-09-28,58089.32,58664.62,57127.87,57550.95
2022-09-29,57522.99,57653.44,56818.18,57378.12
2022-09-30,57356.44,57984.25,57078.22,57492.63
2022-10-03,57882.06,58493.4,57128.3,57723.66
2022-10-04,58674.85,59154.36,57617.72,58175.17
2022-10-05,58665.18,59534.76,58663.97,59048.84
2022-10-06,58235.29,58782.57,57894.4,58431.87
2022-10-07,57774.83,58271.63,57591.37,57829.6
2022-10-10,59090.97,59398.73,59029.82,59189.64
2022-10-11,59856.74,60000.34,59248.94,59936.47
2022-10-12,59282.31,60184.29,59276.65,59592.39
2022-10-13,59850.64,60528.01,58994.0,59515.47
2022-10-14,59105.56,60054.04,58404.67,59442.86
2022-10-17,59448.4,59734.43,59104.54,59496.03
2022-10-18,60215.74,60283.32,59697.23,59964.36
2022-10-19,62423.94,62641.36,61970.12,62431.48
2022-10-20,62398.25,63276.76,61795.71,62643.18
2022-10-21,62984.71,63823.76,62803.12,63325.41
2022-10-24,61633.4,62405.76,61447.98,61690.13
2022-10-25,61059.95,61496.98,60615.06,61245.13
2022-10-26,62517.97,62931.7,61762.14,62466.67
2022-10-27,62537.1,63484.87,62313.14,62888.66
2022-10-28,58903.04,59068.44,58446.35,58711.79
2022-10-31,59389.33,60076.41,58654.29,59361.88
2022-11-01,61253.24,61688.68,61077.31,61206.75
2022-11-02,59679.34,59685.0,59281.52,59336.32
2022-11-03,60691.0,60815.72,60261.48,60797.37
2022-11-04,58054.71,58839.9,58037.81,58223.51
2022-11-07,58984.05,59571.17,58856.34,59113.43
2022-11-08,59083.32,59670.27,58642.17,59128.84
2022-11-09,56982.44,57539.47,56531.47,57003.18
2022-11-10,57237.37,57717.63,56886.79,57427.88
2022-11-11,58029.9,59062.04,57762.67,58501.4
2022-11-14,58729.05,59523.18,58322.97,58860.97
2022-11-15,59514.77,59637.73,58970.34,59429.17
2022-11-16,59100.76,59642.69,58499.03,59068.55
2022-11-17,57660.92,57873.89,56839.01,57384.91
2022-11-18,58492.35,58718.01,57573.62,58036.61
2022-11-21,59863.34,60159.84,59041.36,59681.79
2022-11-22,61114.13,61747.55,60165.9,60777.09
2022-11-23,59108.27,59123.91,58833.03,58927.25
2022-11-24,57955.92,58257.71,56900.07,57560.88
2022-11-25,57243.88,57711.02,56213.6,56821.64
2022-11-28,55647.2,55720.93,55222.39,55435.88
2022-11-29,55653.52,56182.62,55483.05,55496.49
2022-11-30,55817.72,56494.98,55413.17,55863.57
2022-12-01,54631.98,54700.64,54344.56,54641.02
2022-12-02,55261.08,55437.37,54764.02,55335.81
2022-12-05,56023.35,56678.22,55532.5,55884.31
2022-12-06,55266.47,55557.54,55215.74,55425.94
2022-12-07,55255.24,55349.88,55093.0,55297.49
2022-12-08,53143.58,54259.57,52580.77,53646.59
2022-12-09,53757.03,54332.85,53363.65,53387.79
2022-12-12,53368.11,53835.5,52896.33,53415.19
2022-12-13,53676.32,54031.5,53390.89,53578.59
2022-12-14,54235.97,54834.23,53627.75,53920.63
2022-12-15,54215.0,54641.47,53804.87,54149.92
2022-12-16,54258.93,54687.62,53784.47,53946.36
2022-12-19,53942.96,54760.41,53520.94,54211.56
2022-12-20,55626.58,56062.63,54637.23,55095.69
2022-12-21,55274.57,55608.65,54978.56,55034.73
2022-12-22,55378.96,55637.95,55084.35,55332.64
2022-12-23,55508.05,55843.19,54699.53,55192.54
2022-12-26,54400.03,54997.59,53928.94,54654.92
2022-12-27,55065.1,55367.41,54705.24,55128.71
2022-12-28,54987.2,55282.89,54160.26,54670.45
2022-12-29,54616.35,55555.25,54545.8,55025.76
2022-12-30,55195.7,55471.58,54993.98,55072.1
2023-01-02,54947.73,54964.58,54398.27,54830.88
2023-01-03,55001.45,55188.25,54115.89,54569.91
2023-01-04,53814.64,54307.07,53288.64,54156.46
2023-01-05,53132.76,53638.74,52677.08,52791.76
2023-01-06,53013.37,53418.61,52684.62,53132.14
2023-01-09,53252.11,53526.85,52829.82,53347.41
2023-01-10,53823.77,54613.7,53679.29,54087.51
2023-01-11,53425.01,53670.37,53093.61,53657.99
2023-01-12,55395.08,55510.92,54882.03,55305.74
2023-01-13,54753.65,55543.58,54612.74,54997.81
2023-01-16,54427.5,54787.15,54022.01,54266.57
2023-01-17,53303.63,53941.34,53165.25,53445.17
2023-01-18,51774.32,52549.43,51213.32,52026.14
2023-01-19,53205.86,53921.0,53054.67,53318.31
2023-01-20,54577.17,54618.71,54424.68,54503.72
2023-01-23,54982.62,55571.57,54959.42,55043.65
2023-01-24,54301.3,54763.14,54264.58,54293.87
2023-01-25,56042.92,56182.14,55758.58,55887.06
2023-01-26,55841.67,56466.0,55194.62,55600.42
2023-01-27,55318.66,55655.98,55306.95,55387.32
2023-01-30,56441.54,57281.48,56247.33,56677.78
2023-01-31,57309.15,57725.3,57251.72,57291.71
2023-02-01,59447.85,59823.62,59048.62,59336.04
2023-02-02,59245.38,59706.64,59210.85,59592.56
2023-02-03,59033.94,59894.64,58603.55,59244.62
2023-02-06,58531.2,59091.94,58047.67,58699.82
2023-02-07,56992.22,57043.79,56492.06,57039.62
2023-02-08,56639.77,56824.91,56487.28,56812.45
2023-02-09,58032.67,58574.2,57265.67,57868.77
2023-02-10,58066.27,58553.85,57585.28,58440.29
2023-02-13,58113.81,58902.37,58074.3,58482.18
2023-02-14,57518.96,58066.56,57214.73,57595.83
2023-02-15,57784.31,58018.78,57251.94,57824.93
2023-02-16,58436.96,59179.53,58218.95,58777.97
2023-02-17,59058.01,59372.2,58787.6,59201.51
2023-02-20,59285.55,60055.05,58837.63,59380.73
2023-02-21,58571.17,59268.91,58532.17,58663.38
2023-02-22,59529.79,59735.56,58803.32,59493.64
2023-02-23,56503.18,57012.41,56384.88,56652.91
2023-02-24,57356.19,57700.76,56999.89,57018.14
2023-02-27,59513.18,60198.79,59393.28,59397.08
2023-02-28,57838.74,58300.13,57561.42,58025.77
2023-03-01,57850.43,58240.73,57214.94,57828.56
2023-03-02,57873.01,58517.97,57275.28,57844.31
2023-03-03,57727.04,57839.83,56818.5,57447.23
2023-03-06,58275.6,58801.6,57902.32,58415.72
2023-03-07,59056.32,59131.21,58558.3,58875.34
2023-03-08,59050.03,59487.59,58766.77,59040.14
2023-03-09,60167.75,60431.78,59776.53,59809.85
2023-03-10,60159.21,60857.75,59196.16,59849.37
2023-03-13,62997.42,63311.46,62573.01,62947.81
2023-03-14,63056.87,63226.22,62712.53,63123.06
2023-03-15,63471.11,64106.33,62951.04,63342.62
2023-03-16,61639.08,62291.2,61051.67,61683.59
2023-03-17,61594.8,62108.4,61017.39,61182.19
2023-03-20,62342.07,62902.26,61791.59,62322.5
2023-03-21,60950.7,61243.61,60430.84,61049.68
2023-03-22,58925.15,59488.41,58324.43,59033.58
2023-03-23,58801.07,59114.03,58794.94,59087.07
2023-03-24,60535.04,60678.07,60276.92,60400.43
2023-03-27,60266.74,61141.18,59926.08,60464.74
2023-03-28,60434.27,60970.37,59555.27,60169.39
2023-03-29,58155.5,58618.86,57481.98,58457.04
2023-03-30,58928.23,59007.0,58477.81,58898.25
2023-03-31,59813.01,60494.1,59386.89,59538.45
2023-04-03,57417.58,57991.98,57290.39,57914.02
2023-04-04,59459.57,59642.99,58528.89,58981.48
2023-04-05,59619.2,59851.59,59468.91,59720.71
2023-04-06,60853.68,60859.14,60415.69,60819.35
2023-04-07,61545.72,61777.72,60790.06,61405.2
2023-04-10,62245.76,62973.42,61774.89,62065.22
2023-04-11,62669.74,62926.87,62316.81,62601.12
2023-04-12,63742.2,64127.94,63460.87,63488.4
2023-04-13,61848.48,62402.1,61532.02,61720.2
2023-04-14,60728.44,61130.04,59796.98,60302.2
2023-04-17,59755.65,60288.86,59373.05,59630.93
2023-04-18,60002.45,60478.84,59419.68,59532.76
2023-04-19,60137.92,60577.09,59845.5,59921.55
2023-04-20,59819.0,60722.35,59750.77,60252.63
2023-04-21,61990.45,62584.93,60861.14,61346.36
2023-04-24,62347.43,63023.39,61889.08,62490.83
2023-04-25,62032.6,62621.99,61278.94,61662.62
2023-04-26,61925.94,62034.13,61547.54,61919.3
2023-04-27,61382.27,61881.43,61009.97,61122.29
2023-04-28,60797.88,61504.74,60432.65,60965.54
2023-05-01,61453.23,61674.44,61255.52,61299.61
2023-05-02,58059.9,58728.69,57414.84,58118.74
2023-05-03,60774.75,60996.98,60350.05,60392.11
2023-05-04,61064.46,61243.13,60647.6,60957.41
2023-05-05,60638.77,61269.73,60411.77,60412.18
2023-05-08,61761.76,62483.38,61179.12,62298.71
2023-05-09,61962.15,62292.42,61838.6,61983.37
2023-05-10,62239.64,62514.43,61447.85,62137.51
2023-05-11,61742.33,62407.71,61654.58,61687.13
2023-05-12,63582.18,63929.52,62714.35,63338.2
2023-05-15,63166.14,63785.72,62668.42,63258.66
2023-05-16,63445.31,64049.84,63242.83,63432.93
2023-05-17,64978.9,65468.5,64515.51,64672.6
2023-05-18,64704.76,66036.67,64427.04,65297.23
2023-05-19,65421.3,66051.31,64618.45,65267.26
2023-05-22,66356.31,66764.09,65669.95,66444.99
2023-05-23,68930.53,69971.89,68785.54,69182.54
2023-05-24,69650.53,70088.97,69261.81,69556.83
2023-05-25,70055.62,70074.6,69513.83,69712.5
2023-05-26,70219.09,70438.19,69824.91,69927.83
2023-05-29,71375.69,71947.08,70822.0,71414.28
2023-05-30,71019.97,71153.62,70477.89,70771.63
2023-05-31,70735.26,71231.03,70299.43,70490.07
2023-06-01,68807.09,69129.81,68092.05,68831.14
2023-06-02,67399.43,68019.95,66794.2,67586.55
2023-06-05,66894.06,67065.76,66272.94,67064.25
2023-06-06,67256.82,67941.57,67000.27,67031.8
2023-06-07,68941.32,69252.42,68184.24,68952.95
2023-06-08,69274.55,69682.05,68796.77,69565.05
2023-06-09,68139.41,68960.68,67727.46,68600.18
2023-06-12,68071.24,68468.37,67836.5,67845.12
2023-06-13,69205.99,69888.02,68460.5,69357.51
2023-06-14,70720.49,71165.66,70166.13,70627.09
2023-06-15,71037.84,71074.94,69986.52,70686.45
2023-06-16,69856.69,70957.81,69307.19,70223.4
2023-06-19,71494.03,71898.66,70810.52,71506.94
2023-06-20,70376.9,70490.03,69791.7,70424.97
2023-06-21,70996.99,71655.42,70105.8,70889.23
2023-06-22,73866.77,74451.93,73302.66,73501.54
2023-06-23,73377.66,74343.8,73199.7,73768.9
2023-06-26,73068.59,73442.92,72278.89,72902.24
2023-06-27,73707.53,74070.61,72962.38,73404.04
2023-06-28,72837.31,73360.76,72313.61,72891.63
2023-06-29,71297.81,71380.33,70691.6,71337.02
2023-06-30,72278.47,72537.77,71683.58,72157.59
2023-07-03,73569.67,74441.82,72773.82,73468.26
2023-07-04,73309.01,73891.54,72858.58,73138.44
2023-07-05,72897.55,73264.03,71984.34,72734.07
2023-07-06,71388.42,71860.62,71296.18,71669.38
2023-07-07,71812.62,72454.8,70984.53,71528.73
2023-07-10,71257.97,71480.54,70168.57,70926.17
2023-07-11,69885.51,70021.68,69621.76,69833.51
2023-07-12,71545.46,72107.8,71264.86,71974.34
2023-07-13,72500.55,73168.59,72234.81,72533.83
2023-07-14,73276.65,73841.88,72723.9,73219.69
2023-07-17,73935.64,74337.14,73569.33,74274.92
2023-07-18,75103.89,75315.99,75006.59,75212.16
2023-07-19,74333.84,75322.68,73538.81,74754.08
2023-07-20,75288.1,75804.08,74920.97,75105.44
2023-07-21,74867.27,75483.57,74338.08,74817.59
2023-07-24,74871.39,75526.92,74336.98,75365.9
2023-07-25,75909.27,76571.12,75765.55,75802.62
2023-07-26,75360.05,76223.81,75273.5,75377.09
2023-07-27,73997.51,74531.22,72983.76,73844.81
2023-07-28,73928.58,74218.72,73339.06,74044.45
2023-07-31,73599.6,74438.03,73569.95,73835.93
2023-08-01,71477.9,71993.82,70796.69,71698.63
2023-08-02,72147.37,72345.61,71707.09,72302.84
2023-08-03,73445.11,73711.57,73373.31,73439.58
2023-08-04,76498.38,77329.69,75828.57,76453.12
2023-08-07,75955.74,76388.74,75500.6,76013.71
2023-08-08,75273.89,76183.82,75088.79,75401.46
2023-08-09,74020.8,74577.37,73241.18,74124.92
2023-08-10,75148.43,75614.63,74138.26,74398.39
2023-08-11,74435.61,74670.12,74181.44,74665.44
2023-08-14,73582.38,74310.6,73341.53,73746.79
2023-08-15,74548.87,74645.32,72895.53,73573.1
2023-08-16,71464.39,71874.95,70739.61,71344.14
2023-08-17,72022.69,72647.58,71242.12,72421.35
2023-08-18,71817.75,72155.91,71379.09,71576.07
2023-08-21,71305.38,72026.65,70632.51,71565.41
2023-08-22,70258.17,70270.37,69521.78,70003.16
2023-08-23,69333.08,69628.59,69076.26,69391.61
2023-08-24,68992.69,69934.92,68963.34,69114.17
2023-08-25,69575.7,69623.62,68449.95,69129.3
2023-08-28,69839.25,70106.93,69479.63,69681.21
2023-08-29,71584.8,71860.9,70766.16,71306.73
2023-08-30,72288.6,72617.7,71687.65,72162.95
2023-08-31,73163.63,73896.09,73159.72,73293.81
2023-09-01,75195.58,75419.13,74116.87,75011.92
2023-09-04,76085.12,76505.36,74978.09,75718.0
2023-09-05,75745.09,76331.23,75262.34,75704.28
2023-09-06,77504.04,77803.81,76319.3,76947.51
2023-09-07,78556.69,79451.08,77842.15,78289.9
2023-09-08,79192.16,80123.15,78418.06,79125.04
2023-09-11,77441.59,77552.8,77239.02,77363.72
2023-09-12,76417.52,76732.81,75966.5,76375.58
2023-09-13,75696.08,76265.75,75391.29,76075.89
2023-09-14,77018.51,77218.96,76593.68,77046.26
2023-09-15,77119.14,77573.5,76634.42,77050.93
2023-09-18,78343.51,79004.96,78208.99,78474.01
2023-09-19,80256.53,80666.46,79209.03,80148.2
2023-09-20,81715.57,81982.84,81693.42,81708.61
2023-09-21,83565.97,83845.37,83297.69,83307.76
2023-09-22,82208.59,83187.33,81623.4,81990.83
2023-09-25,82704.47,83621.17,82033.9,82649.19
2023-09-26,81448.04,81969.28,81272.45,81894.69
2023-09-27,80400.75,81034.19,79316.15,79826.9
2023-09-28,79452.76,79933.72,78763.64,79497.87
2023-09-29,81179.77,81877.27,81088.14,81206.04
2023-10-02,81717.84,82416.07,80752.51,81829.88
2023-10-03,84340.58,85407.28,83999.81,84505.52
2023-10-04,85300.56,85369.13,84121.81,84775.34
2023-10-05,88632.18,89004.01,88025.04,88142.15
2023-10-06,88581.32,89628.87,87671.17,88424.0
2023-10-09,88452.37,88683.98,87560.29,88490.41
2023-10-10,86974.85,87107.75,86650.11,86759.73
2023-10-11,88351.6,89124.47,88192.12,88325.52
2023-10-12,87597.92,88482.45,87302.49,87664.6
2023-10-13,86927.76,87629.03,86797.84,86810.27
2023-10-16,88458.6,89440.23,87411.9,88614.84
2023-10-17,90372.99,91125.32,89633.57,90281.85
2023-10-18,92017.45,92167.37,91271.96,91942.31
2023-10-19,91676.49,92345.61,90403.23,91455.66
2023-10-20,91192.41,92270.79,90281.92,91418.54
2023-10-23,91628.56,92580.23,90475.9,91368.65
2023-10-24,92203.45,92811.75,91827.81,92538.32
2023-10-25,94650.93,95013.02,94270.59,94867.95
2023-10-26,95255.7,96352.18,94922.22,95457.44
2023-10-27,98090.52,98815.34,97682.43,98512.06
2023-10-30,100360.42,100398.88,99510.32,99953.52
2023-10-31,99238.71,100610.66,99071.98,99624.13
2023-11-01,100691.01,101586.0,100260.92,100972.9
2023-11-02,104285.95,104694.71,103207.31,103763.58
2023-11-03,106879.24,107138.15,106482.49,107123.45
2023-11-06,109105.79,109234.22,108889.31,109187.93
2023-11-07,108833.98,110314.82,108346.3,109275.45
2023-11-08,109309.99,109952.34,108317.67,108946.39
2023-11-09,110356.05,110554.32,109031.7,109982.91
2023-11-10,113300.12,113787.55,112001.58,112965.73
2023-11-13,114030.12,114256.32,113508.44,113785.21
2023-11-14,114681.86,114837.21,114597.68,114648.11
2023-11-15,114545.98,115167.09,114128.39,114786.49
2023-11-16,113868.8,114993.92,113654.09,114240.61
2023-11-17,114584.2,114872.96,113453.1,113994.51
2023-11-20,114633.38,115106.14,112940.16,114283.23
2023-11-21,117138.97,118137.95,116884.44,117464.27
2023-11-22,117086.76,117676.92,116620.15,117068.11
2023-11-23,117071.03,117392.57,116052.35,117211.65
2023-11-24,115150.14,115724.92,114446.55,115670.97
2023-11-27,117113.44,117163.27,116968.55,117030.25
2023-11-28,119425.22,120126.55,119193.51,119623.87
2023-11-29,122305.56,123831.44,120932.93,122772.45
2023-11-30,122488.32,123409.24,122336.68,123215.17
2023-12-01,123608.46,125558.74,122666.43,124384.08
2023-12-04,123948.63,125198.98,122770.13,124132.91
2023-12-05,125176.51,125225.05,124777.79,125219.13
2023-12-06,125449.75,125930.16,124358.22,125889.75
2023-12-07,126383.87,126679.66,125798.33,126055.33
2023-12-08,126346.1,126464.34,125914.38,126379.23
2023-12-11,127626.58,128440.34,126855.95,127332.41
2023-12-12,126701.49,126854.51,125186.49,126794.22
2023-12-13,125963.84,127578.13,125639.5,126361.05
2023-12-14,129915.6,130684.13,129654.97,129856.31
2023-12-15,134890.29,136757.6,133391.89,135573.31
2023-12-18,133366.38,134567.8,132820.32,133078.92
2023-12-19,130028.77,131310.81,128656.79,130517.11
2023-12-20,129088.78,130522.22,127611.61,128615.51
2023-12-21,128283.65,129983.88,127395.62,128457.44
2023-12-22,130889.28,131453.49,129159.06,130334.17
2023-12-25,131015.99,131804.41,129874.58,131605.64
2023-12-26,131657.63,132590.48,131483.01,132015.05
2023-12-27,133375.23,133732.71,131574.94,133172.15
2023-12-28,132399.27,133242.93,130291.35,131780.83
2023-12-29,132205.68,132805.98,129914.3,131327.27
2024-01-01,131359.55,132116.89,130357.06,131337.82
2024-01-02,129097.97,130280.28,127348.48,128152.45
2024-01-03,125734.16,126293.85,124925.01,125879.92
2024-01-04,124270.09,125071.6,123702.94,123725.11
2024-01-05,124801.44,125776.5,124053.42,125272.66
2024-01-08,126019.2,127206.24,124865.87,125807.57
2024-01-09,125889.79,128049.74,124894.7,127074.51
2024-01-10,122941.94,123507.35,122451.94,123494.74
2024-01-11,120916.25,121873.98,120008.19,120690.74
2024-01-12,121367.51,122255.46,120440.78,122006.33
2024-01-15,117028.52,118045.92,116228.36,116828.82
2024-01-16,119583.94,120398.08,117775.46,119151.14
2024-01-17,115592.35,116382.39,114613.82,115824.37
2024-01-18,116965.32,118397.5,116963.53,117419.53
2024-01-19,115614.28,117024.45,115581.98,115833.78
2024-01-22,117355.58,118910.76,116383.45,117809.83
2024-01-23,123913.96,124775.43,123300.37,123964.14
2024-01-24,119701.16,120739.25,118446.96,119652.29
2024-01-25,120869.8,121618.93,120618.85,121017.84
2024-01-26,118457.75,119579.34,117647.51,117667.04
2024-01-29,118167.03,119686.54,117616.72,118507.55
2024-01-30,118828.69,119024.47,117125.4,118169.16
2024-01-31,117965.58,118796.29,116590.02,118457.93
2024-02-01,116849.66,117228.23,115576.95,116815.64
2024-02-02,118868.59,119105.49,117620.15,118307.38
2024-02-05,116210.01,116757.4,114556.92,115685.29
2024-02-06,117818.26,118289.86,117718.83,118016.48
2024-02-07,117565.58,118405.76,116499.28,117304.84
2024-02-08,114981.04,115121.25,113514.32,114787.5
2024-02-09,117499.91,118135.36,116941.0,117753.95
2024-02-12,117966.11,118908.21,116320.05,117675.82
2024-02-13,122220.01,122804.53,120991.6,121312.86
2024-02-14,123951.58,124578.47,123561.1,123717.93
2024-02-15,122498.26,123671.2,121451.42,122221.07
2024-02-16,122434.77,123881.23,120776.67,122106.03
2024-02-19,121674.43,123217.45,121219.93,122387.57
2024-02-20,125645.89,125765.1,124210.57,125414.8
2024-02-21,125819.29,126488.04,125563.83,126332.04
2024-02-22,126434.87,128206.45,125303.68,126733.55
2024-02-23,127483.08,128522.17,125540.59,126385.39
2024-02-26,126207.01,127475.68,125941.95,126334.92
2024-02-27,128627.17,130054.71,127518.78,129008.56
2024-02-28,129663.71,129943.19,127961.82,129067.29
2024-02-29,127832.32,129008.21,127041.65,128317.82
2024-03-01,127005.08,128451.09,126661.46,127232.59
2024-03-04,126809.87,128128.23,125977.57,126177.88
2024-03-05,123492.4,123844.11,122052.95,123471.27
2024-03-06,121309.08,122942.18,120354.41,122069.19
2024-03-07,125306.0,125542.23,123819.45,125033.63
2024-03-08,124479.38,126110.65,123438.28,124676.95
2024-03-11,126896.99,127281.04,124862.44,126117.78
2024-03-12,121043.69,122395.57,120807.67,121337.55
2024-03-13,122993.08,123334.18,121746.61,122476.99
2024-03-14,123085.81,123995.74,121236.27,122214.65
2024-03-15,120927.36,122299.61,120777.33,121339.67
2024-03-18,121640.22,122214.03,121421.33,121734.26
2024-03-19,121023.33,122212.5,119916.05,120835.34
2024-03-20,116506.65,118148.95,115292.13,116906.88
2024-03-21,118792.68,120011.59,117723.9,118664.31
2024-03-22,119059.45,119639.65,119007.72,119166.61
2024-03-25,118509.73,119685.53,117129.66,118625.95
2024-03-26,116903.86,117688.74,116685.31,116880.98
2024-03-27,114284.38,115097.12,113932.96,114251.81
2024-03-28,114776.09,115433.66,113358.92,114700.88
2024-03-29,117417.8,118547.19,116331.4,117699.39
2024-04-01,117861.42,118315.73,116536.78,118123.44
2024-04-02,115569.98,116192.09,114451.33,115624.81
2024-04-03,116060.74,116329.01,115153.05,116081.52
2024-04-04,115826.57,116420.08,115431.07,116030.07
2024-04-05,117818.98,117999.69,117204.86,117666.42
2024-04-08,117983.71,119146.32,116642.56,118843.28
2024-04-09,113098.41,114493.67,111930.38,113429.35
2024-04-10,114324.86,115208.11,113831.68,114452.94
2024-04-11,112317.85,112735.11,111814.76,112703.14
2024-04-12,110972.32,112022.37,109857.63,110251.48
2024-04-15,109976.65,111176.89,109537.98,109968.35
2024-04-16,110804.65,111975.31,109582.74,110726.33
2024-04-17,107736.28,109010.81,107722.7,107944.73
2024-04-18,109185.59,110492.59,108614.26,109192.48
2024-04-19,110020.8,111334.88,108776.02,110556.91
2024-04-22,110607.49,111961.15,109887.26,110682.65
2024-04-23,108815.32,110467.56,108227.13,109223.92
2024-04-24,107475.57,107999.33,107072.71,107594.89
2024-04-25,108276.41,110524.24,108180.37,109390.82
2024-04-26,106379.43,107876.71,106092.86,106860.5
2024-04-29,109348.56,110366.55,108592.12,108710.12
2024-04-30,108831.59,110002.12,108305.78,108470.7
2024-05-01,108923.28,109425.45,108137.5,108350.1
2024-05-02,106103.55,106612.92,105133.79,105516.21
2024-05-03,105598.36,106409.42,105300.55,105314.48
2024-05-06,106186.75,107321.12,104976.03,106379.27
2024-05-07,103773.65,105305.18,103619.46,104205.1
2024-05-08,105551.36,106660.72,104585.23,105068.31
2024-05-09,105284.65,106196.0,104146.54,105257.46
2024-05-10,105282.17,106491.09,104103.79,104237.09
2024-05-13,105537.28,105918.07,104924.82,105691.52
2024-05-14,102938.4,104112.32,101093.93,102129.25
2024-05-15,102664.72,102808.26,101978.56,102729.13
2024-05-16,105989.54,106696.23,105158.52,105424.63
2024-05-17,108620.14,108737.7,106933.24,107885.45
2024-05-20,108149.44,109333.04,107265.2,108592.87
2024-05-21,107911.51,108627.21,107442.5,108121.06
2024-05-22,106644.78,107191.21,106585.54,107086.34
2024-05-23,106095.73,107448.21,106085.72,106618.99
2024-05-24,107866.13,108812.58,106513.16,107578.69
2024-05-27,106178.33,106483.98,105768.62,106261.87
2024-05-28,107602.2,108498.88,107401.81,107579.67
2024-05-29,111547.17,111786.84,110606.69,111299.26
2024-05-30,110411.61,111418.38,109191.57,111234.98
2024-05-31,109510.07,109703.73,108936.78,108947.87
2024-06-03,106558.29,107474.3,106486.5,106707.19
2024-06-04,108293.46,109305.51,107522.27,108063.08
2024-06-05,108272.79,109048.32,107128.21,108004.3
2024-06-06,110151.85,111221.67,108923.64,109549.52
2024-06-07,108630.27,109447.2,107460.26,108675.84
2024-06-10,109218.77,111204.39,109160.99,110150.48
2024-06-11,109944.95,111233.32,109471.17,109919.83
2024-06-12,108789.53,109299.92,108243.92,108702.23
2024-06-13,107614.66,108255.23,107175.43,108060.79
2024-06-14,106147.42,106319.89,105463.99,106084.82
2024-06-17,109346.44,110289.57,108309.08,109504.46
2024-06-18,108795.85,110099.88,108380.84,109381.77
2024-06-19,110838.82,111083.87,109553.96,110541.52
2024-06-20,109407.36,110815.07,109215.07,109654.35
2024-06-21,107720.31,109134.3,106995.49,107895.55
2024-06-24,107342.74,107868.31,106859.58,107541.54
2024-06-25,110008.55,110281.65,108757.93,109466.24
2024-06-26,108597.52,108894.12,108457.1,108615.29
2024-06-27,107212.82,107711.26,105952.61,107178.91
2024-06-28,107295.0,108584.78,106128.22,107484.28
2024-07-01,108576.15,109352.64,107300.58,108375.31
2024-07-02,111862.1,111952.78,110068.0,111259.97
2024-07-03,112216.37,112853.28,111728.93,111925.94
2024-07-04,113422.94,113545.89,112428.02,113111.74
2024-07-05,114723.57,115282.79,114009.11,114445.71
2024-07-08,111811.91,112975.35,110621.27,112430.93
2024-07-09,110394.51,111643.97,110143.55,110782.06
2024-07-10,108861.01,109668.67,108573.69,108950.31
2024-07-11,106421.32,107851.12,105544.35,106730.76
2024-07-12,107659.71,108140.23,107544.86,108119.12
2024-07-15,107846.57,109666.44,106898.77,108657.23
2024-07-16,108251.9,108866.12,107903.59,108836.53
2024-07-17,104416.35,104905.21,103588.2,104523.55
2024-07-18,107975.27,109145.36,106844.07,108005.26
2024-07-19,106199.68,107419.76,105422.79,106537.1
2024-07-22,110114.29,110341.56,109798.59,110079.53
2024-07-23,107451.68,108272.23,107388.28,107638.3
2024-07-24,106776.89,107701.89,106255.2,106312.12
2024-07-25,102661.58,103883.47,102552.17,102727.97
2024-07-26,103644.79,104433.72,102637.37,103356.51
2024-07-29,101702.38,101732.5,101195.12,101619.75
2024-07-30,99397.63,100556.03,99107.66,99956.65
2024-07-31,97822.6,98037.71,97565.17,97858.08
2024-08-01,98614.16,99159.58,97491.63,99102.76
2024-08-02,100215.83,100979.26,100072.94,100259.18
2024-08-05,102895.28,104164.59,102518.92,103202.42
2024-08-06,102290.64,102334.9,101556.62,102134.47
2024-08-07,101978.68,103491.79,101978.13,102527.72
2024-08-08,100512.66,101364.67,99396.01,100506.75
2024-08-09,100246.79,101151.4,99898.58,100017.52
2024-08-12,99603.92,99896.43,98430.21,99242.98
2024-08-13,99705.98,100483.59,98953.56,100011.22
2024-08-14,101673.51,101819.61,100679.23,101666.29
2024-08-15,103382.64,103679.0,102499.0,103306.51
2024-08-16,102617.93,102990.79,101043.25,101984.84
2024-08-19,103029.99,104039.57,102509.18,103642.29
2024-08-20,103234.55,103829.1,102629.13,103611.46
2024-08-21,104287.42,104523.58,102255.78,103124.08
2024-08-22,101908.9,103123.91,101213.77,102020.29
2024-08-23,100402.43,102116.38,99786.11,101164.75
2024-08-26,103778.19,104450.29,103522.2,104020.3
2024-08-27,103414.86,105755.7,103094.55,104566.6
2024-08-28,104997.29,105298.32,104444.89,104896.15
2024-08-29,104844.34,105356.18,104493.65,104505.29
2024-08-30,108257.04,109713.23,107714.85,108652.54
2024-09-02,110743.97,111542.36,110740.29,110952.69
2024-09-03,110149.62,110459.75,108999.33,109743.41
2024-09-04,108552.29,109798.35,107635.2,109314.91
2024-09-05,108415.31,109644.82,107683.96,108989.94
2024-09-06,109184.3,110097.88,108275.64,109283.97
2024-09-09,107801.75,108652.94,107801.73,108126.65
2024-09-10,108791.73,109483.42,108714.13,108919.69
2024-09-11,110921.29,111836.52,109991.6,111483.42
2024-09-12,109337.81,110040.21,108191.57,109244.12
2024-09-13,107298.88,107645.69,106374.78,107362.95
2024-09-16,106825.83,107937.92,105743.36,106591.41
2024-09-17,105987.64,106938.18,105003.75,105902.72
2024-09-18,109422.59,109961.32,108361.83,109332.16
2024-09-19,110473.72,112111.02,109513.42,111114.68
2024-09-20,113046.78,113056.27,111825.07,112824.26
2024-09-23,112251.44,112864.75,112151.73,112400.1
2024-09-24,111864.27,112530.28,111779.33,111938.84
2024-09-25,109912.03,110531.67,108977.82,109452.13
2024-09-26,110533.38,111847.91,109833.58,110851.93
2024-09-27,112362.5,113660.7,110734.12,111756.85
2024-09-30,114749.65,115272.91,113630.32,114088.55
2024-10-01,114098.56,114578.59,113379.96,113755.51
2024-10-02,113102.33,114378.71,112041.73,113546.85
2024-10-03,112904.82,114280.92,112567.0,113896.52
2024-10-04,116053.18,116250.03,114415.24,115553.45
2024-10-07,113003.84,114307.74,112713.41,112953.51
2024-10-08,113975.57,115426.32,113483.91,114315.81
2024-10-09,114862.21,116183.35,113774.05,114324.28
2024-10-10,112091.73,112772.71,111688.86,112478.69
2024-10-11,108704.65,108912.51,108700.27,108889.24
2024-10-14,108927.04,109498.6,108391.39,108698.58
2024-10-15,110754.99,112495.8,110306.23,111249.44
2024-10-16,114217.85,114457.56,113787.99,114267.88
2024-10-17,115456.7,115619.06,113871.16,114954.8
2024-10-18,118709.46,118807.68,118541.84,118609.26
2024-10-21,119169.26,120263.26,118022.68,118576.12
2024-10-22,120964.78,122105.62,120363.31,120417.52
2024-10-23,119616.0,120614.14,118276.49,119612.3
2024-10-24,117589.69,118769.85,116474.64,118693.95
2024-10-25,116962.37,118500.52,115583.86,117480.85
2024-10-28,114122.82,114737.21,112532.26,113774.9
2024-10-29,115432.68,116370.78,114995.22,116150.71
2024-10-30,114878.36,115435.95,113924.98,115028.58
2024-10-31,113784.91,114469.18,113212.95,113630.95
2024-11-01,112240.99,112684.99,110393.83,111583.14
2024-11-04,111013.12,112563.58,110465.93,111268.75
2024-11-05,114153.46,115099.66,113638.56,114447.67
2024-11-06,118306.49,118859.75,117008.8,118331.31
2024-11-07,115484.08,116416.96,114164.16,115322.09
2024-11-08,114654.91,115621.28,113325.26,114725.67
2024-11-11,113391.69,113395.01,112826.68,112916.77
2024-11-12,114367.41,115585.09,114033.45,114733.58
2024-11-13,115353.76,115691.2,114882.07,115298.33
2024-11-14,114397.09,114912.2,113612.05,114193.54
2024-11-15,114186.56,115338.93,113538.26,114369.51
2024-11-18,113939.95,114702.05,113160.7,113557.88
2024-11-19,116597.44,117113.25,115422.68,116527.99
2024-11-20,117954.33,118191.29,117267.73,117582.73
2024-11-21,118969.14,119690.78,117883.21,118876.8
2024-11-22,114204.44,114642.11,112867.06,114032.62
2024-11-25,113670.05,115206.37,112846.58,113957.95
2024-11-26,117508.51,118560.75,117009.11,117805.37
2024-11-27,120930.12,122186.77,120067.97,120339.3
2024-11-28,117233.21,117782.11,116747.06,116935.57
2024-11-29,115930.64,117561.81,114895.37,116405.99
2024-12-02,114352.08,114429.66,113626.09,114269.38
2024-12-03,116327.29,117857.21,116262.63,117437.09
2024-12-04,117666.09,118047.17,116276.92,117936.53
2024-12-05,117014.27,117058.72,115626.31,116565.32
2024-12-06,116615.94,117960.82,115434.6,116674.33
2024-12-09,112077.76,113041.9,111435.85,112024.91
2024-12-10,108849.48,110997.19,107601.49,110170.76
2024-12-11,110104.87,110982.43,109841.25,110277.76
2024-12-12,111952.02,112717.17,111552.26,111800.64
2024-12-13,108679.42,109512.37,107318.36,108477.34
2024-12-16,108286.97,109361.07,106716.65,107870.93
2024-12-17,109551.23,110428.74,108895.21,109643.41
2024-12-18,107137.1,108171.16,106975.38,107208.11
2024-12-19,107066.44,108001.39,106674.3,107638.46
2024-12-20,107704.97,109056.58,106730.26,107793.12
2024-12-23,110229.37,110829.43,109110.33,110787.02
2024-12-24,109616.8,110942.31,109159.5,110430.04
2024-12-25,109698.51,111341.88,109617.91,110175.72
2024-12-26,112389.72,112633.18,110821.07,111713.52
2024-12-27,109329.28,109633.3,108359.1,109447.67
2024-12-30,109206.9,109685.79,108555.72,109110.89
2024-12-31,108151.24,108930.47,107394.48,108373.61
2025-01-01,107407.66,109391.39,106135.05,108179.7
2025-01-02,110089.78,111194.35,109355.87,109678.32
2025-01-03,109726.07,111300.01,108971.62,110683.61
2025-01-06,109187.08,110707.33,108386.58,109429.66
2025-01-07,109685.06,110554.58,108962.31,109709.02
2025-01-08,112462.81,113641.86,111187.32,112359.18
2025-01-09,110619.77,111269.26,109816.66,110941.69
2025-01-10,110424.92,111892.45,109751.92,111239.74
2025-01-13,110590.94,110985.45,110427.69,110945.88
2025-01-14,110548.25,110891.66,109615.39,110879.84
2025-01-15,107777.74,109026.75,107606.88,108111.54
2025-01-16,111014.18,111171.77,110549.0,110584.26
2025-01-17,108758.0,110005.67,108120.42,109287.24
2025-01-20,111245.51,112174.64,110348.39,111111.66
2025-01-21,110143.04,110185.64,108753.69,110073.32
2025-01-22,109457.3,110046.72,108105.55,109037.6
2025-01-23,111125.69,112097.69,109994.09,111184.89
2025-01-24,113341.8,114551.92,112514.06,112983.69
2025-01-27,113322.49,113807.77,112630.43,113400.58
2025-01-28,115013.31,116357.89,113471.33,114813.64
2025-01-29,113653.13,115497.21,113083.88,114338.44
2025-01-30,113168.15,115261.7,112071.84,114368.75
2025-01-31,113399.31,113932.64,112513.51,113228.19
2025-02-03,115095.75,116077.9,114588.62,114897.41
2025-02-04,113911.09,115026.77,112902.75,113694.64
2025-02-05,116187.16,116855.14,115883.13,116431.38
2025-02-06,116592.37,117981.45,115895.47,115899.68
2025-02-07,115769.98,117247.75,115442.26,115983.13
2025-02-10,117621.75,118307.02,117151.74,117423.9
2025-02-11,117794.51,118816.25,116991.6,117514.66
2025-02-12,117818.26,118559.12,115763.34,117011.04
2025-02-13,116853.87,118070.52,116310.01,117002.15
2025-02-14,118398.1,119885.88,117197.28,118707.85
2025-02-17,116819.59,117554.49,116040.71,117521.74
2025-02-18,118065.74,118177.85,117324.16,117334.89
2025-02-19,117598.54,118073.35,117134.58,117400.47
2025-02-20,119273.12,120586.48,117726.66,119057.16
2025-02-21,120409.08,120984.55,118055.12,118917.28
2025-02-24,122560.3,123865.59,121035.72,122401.05
2025-02-25,121513.49,122825.96,121061.28,122148.14
2025-02-26,121644.71,122162.05,120598.72,121740.07
2025-02-27,120988.13,122773.51,119867.26,121460.8
2025-02-28,118827.13,119816.18,117435.85,119015.44
2025-03-03,116946.06,117641.23,116920.55,117134.53
2025-03-04,115933.25,116267.72,114608.5,116205.8
2025-03-05,117692.36,118507.65,117139.31,118350.1
2025-03-06,119091.53,119290.62,117145.36,118335.32
2025-03-07,117622.71,118137.67,116714.26,117482.19
2025-03-10,119713.07,120694.34,118901.92,119821.08
2025-03-11,123205.76,123660.52,122303.22,122832.94
2025-03-12,125571.68,125670.42,124089.25,125335.29
2025-03-13,123848.27,124241.82,123319.83,123711.77
2025-03-14,123136.29,123740.17,122073.99,122799.36
2025-03-17,126475.42,127981.4,125557.96,126407.68
2025-03-18,127279.77,127880.0,125807.95,126939.0
2025-03-19,126836.8,126972.56,125739.6,126455.29
2025-03-20,128028.05,128920.84,126900.29,127944.75
2025-03-21,129927.58,131477.28,129170.95,130042.17
2025-03-24,129719.93,130944.53,127908.2,128928.26
2025-03-25,129178.77,130724.68,128133.75,129425.94
2025-03-26,131586.29,133052.01,130262.01,131380.49
2025-03-27,129266.64,130254.05,127777.81,129052.8
2025-03-28,128814.66,130670.81,127978.83,129129.13
2025-03-31,126523.55,126983.74,126230.1,126933.04
2025-04-01,124854.77,126284.19,123836.49,125031.61
2025-04-02,123733.07,125251.92,123618.56,123976.92
2025-04-03,124234.84,126336.19,123908.42,124961.56
2025-04-04,124055.08,125092.48,122875.83,124378.79
2025-04-07,123295.23,124460.75,122520.98,123164.0
2025-04-08,123938.98,124229.12,122575.98,123312.97
2025-04-09,121422.6,122301.4,119718.11,121153.63
2025-04-10,120760.73,122548.12,120419.93,122022.97
2025-04-11,124585.1,125476.39,124236.76,124265.92
2025-04-14,123883.38,125166.8,123717.81,124160.27
2025-04-15,124038.37,124554.97,123450.51,123813.78
2025-04-16,124586.48,124916.82,123501.2,124593.52
2025-04-17,120631.12,121190.16,119508.06,120724.13
2025-04-18,121747.59,122767.81,120921.43,121797.39
2025-04-21,127934.21,128984.93,127542.66,127945.69
2025-04-22,128438.26,129580.83,126949.6,127749.43
2025-04-23,127550.57,127754.29,127527.67,127560.6
2025-04-24,129676.28,130949.99,128058.06,129114.43
2025-04-25,133055.6,134154.34,131579.15,132556.3
2025-04-28,135020.52,135069.94,134625.52,134660.74
2025-04-29,129290.43,130742.12,128022.85,130217.71
2025-04-30,132018.73,132758.11,130226.33,131430.38
2025-05-01,136666.9,137509.95,136161.42,136917.45
2025-05-02,138717.64,138913.09,137266.44,138321.07
2025-05-05,135355.0,136220.67,134378.02,135882.58
2025-05-06,135895.48,136581.44,135661.99,136541.19
2025-05-07,134930.49,135081.2,133557.54,133868.0
2025-05-08,136024.9,136982.94,134909.7,136546.59
2025-05-09,135178.13,136508.24,133052.41,134559.84
2025-05-12,134834.58,135686.69,133838.73,134770.73
2025-05-13,132791.82,133692.73,131887.01,133015.16
2025-05-14,131904.06,132976.01,130880.46,131927.72
2025-05-15,134404.15,135983.39,133693.56,135105.46
2025-05-16,135372.03,135593.13,135284.03,135379.48
2025-05-19,133665.59,134604.38,133029.6,134245.74
2025-05-20,131690.1,132250.77,130267.45,131898.57
2025-05-21,128593.3,129519.1,126880.69,128118.23
2025-05-22,125795.96,126492.81,124269.55,125668.12
2025-05-23,125195.41,126525.61,124965.81,125939.86
2025-05-26,128386.41,129243.99,127173.03,127949.87
2025-05-27,126872.45,128353.07,125982.22,126876.06
2025-05-28,129823.07,130595.46,129496.03,130104.93
2025-05-29,129079.08,129884.83,128383.77,128694.13
2025-05-30,128177.78,129002.9,126974.9,128263.53
2025-06-02,125564.48,127236.18,124552.16,126151.31
2025-06-03,129136.91,130268.6,127190.43,128185.95
2025-06-04,132534.41,133703.18,132109.79,132543.57
2025-06-05,128925.76,129279.61,128141.73,128967.74
2025-06-06,128109.73,129009.0,128074.26,128317.49
2025-06-09,131570.48,132851.2,130746.75,130950.95
2025-06-10,127782.92,128637.75,126988.23,128051.48
2025-06-11,128454.37,130777.25,127977.02,129250.66
2025-06-12,131455.99,132390.35,129932.67,131813.34
2025-06-13,132730.76,133523.43,131281.22,132028.21
2025-06-16,133674.38,134435.56,133096.58,133230.18
2025-06-17,136891.23,137744.04,136861.92,137030.94
2025-06-18,142135.58,143577.91,140126.73,141356.97
2025-06-19,141698.43,141962.46,140984.38,141275.14
2025-06-20,140001.85,141105.93,139686.32,140151.22
2025-06-23,138098.45,139215.95,137396.13,138190.13
2025-06-24,140573.48,142009.39,139943.57,140388.43
2025-06-25,136986.02,138447.37,135972.47,137442.61
2025-06-26,136953.8,138531.54,136153.13,136951.33
2025-06-27,137396.88,138834.88,137043.9,137227.43
2025-06-30,135282.75,136768.68,134008.81,136198.71
2025-07-01,136750.93,138266.71,136052.09,136854.52
2025-07-02,142378.7,144190.98,141335.06,142551.4
2025-07-03,142921.67,143362.78,142328.41,142335.14
2025-07-04,140379.05,142454.14,139323.85,141418.6
2025-07-07,143535.88,144241.22,143048.69,143755.09
2025-07-08,144077.88,145481.01,143223.14,144355.79
2025-07-09,148292.33,148458.96,147196.17,147723.93
2025-07-10,148140.54,149471.73,146369.5,148166.35
2025-07-11,148710.96,149460.14,147237.39,147646.39
2025-07-14,143994.46,145009.29,142040.35,143613.54
2025-07-15,139822.46,140095.55,138282.23,140052.08
2025-07-16,136245.76,137382.77,135427.55,136115.21
2025-07-17,136791.28,137800.47,136292.26,136985.15
2025-07-18,134592.74,135602.59,133517.56,134130.86
2025-07-21,136136.41,137382.24,134520.19,136863.79
2025-07-22,136532.76,137223.05,135518.93,136983.35
2025-07-23,136760.8,137475.39,135619.31,136511.74
2025-07-24,135425.41,136959.48,134704.96,134763.04
2025-07-25,134950.3,136516.33,133577.3,136144.18
2025-07-28,135224.93,136321.61,134348.27,134483.52
2025-07-29,132391.0,132544.46,132316.38,132465.23
2025-07-30,134007.57,136184.7,133565.57,135021.2
2025-07-31,134210.1,136219.91,133443.83,135831.26
2025-08-01,134557.67,136116.89,133112.05,135383.35
2025-08-04,136801.37,137415.91,135504.37,136812.16
2025-08-05,136849.63,137071.07,136525.08,136885.71
2025-08-06,138117.93,138690.7,137153.42,137768.55
2025-08-07,135762.88,136633.27,134491.74,136061.6
2025-08-08,140005.0,141507.97,139119.45,140626.9
2025-08-11,139174.23,141030.99,138882.81,139404.39
2025-08-12,142938.6,143744.81,142240.14,142919.39
2025-08-13,142683.12,144248.8,141480.74,142551.47
2025-08-14,143977.05,145232.22,142295.58,144432.25
2025-08-15,146698.01,146887.33,145009.15,146170.0
2025-08-18,148523.44,149304.28,148494.57,148893.07
2025-08-19,146482.76,147712.07,145243.5,146993.24
2025-08-20,149239.67,150147.77,148790.4,149563.81
2025-08-21,154701.58,156308.92,152444.23,154037.89
2025-08-22,153391.0,154722.34,152684.38,153472.5
2025-08-25,153191.19,154683.42,152824.24,153617.36
2025-08-26,152982.35,153884.14,151560.81,152416.69
2025-08-27,152952.91,153682.07,151183.15,151647.55
2025-08-28,155983.0,157128.9,155411.19,155852.23
2025-08-29,154226.96,154457.57,152411.94,153467.67
2025-09-01,151895.7,152191.95,149874.6,151267.5
2025-09-02,154840.16,155780.3,153288.74,155215.72
2025-09-03,156828.83,157150.99,156063.81,156812.13
2025-09-04,161371.28,163519.18,161241.91,162201.27
2025-09-05,160986.62,161166.54,160051.66,161118.65
2025-09-08,161099.44,161813.9,160260.86,161503.47
2025-09-09,159637.75,161627.1,159260.41,159895.22
2025-09-10,159839.91,162239.2,158121.04,160320.09
2025-09-11,155785.71,156877.28,153964.61,155964.71
2025-09-12,158054.92,158994.47,157620.85,157718.79
2025-09-15,158511.43,160059.03,156997.81,158587.21
2025-09-16,157328.76,158575.26,156109.68,158506.42
2025-09-17,157127.85,158405.06,156634.9,157597.49
2025-09-18,154512.11,155640.25,153334.44,155454.03
2025-09-19,157461.9,158219.47,157065.41,157308.25
2025-09-22,154806.27,156633.89,154366.24,154494.91
2025-09-23,155967.21,157377.71,153949.73,155807.24
2025-09-24,160538.91,162948.99,159312.96,161045.34
2025-09-25,165085.74,166563.68,164421.66,164922.81
2025-09-26,160820.75,162299.22,159952.25,161123.45
2025-09-29,159104.61,161277.22,157290.65,159830.65
2025-09-30,161437.26,162714.09,160111.47,160958.87
2025-10-01,161371.79,162270.44,159106.65,160844.63
2025-10-02,157999.63,158554.3,155760.05,157401.07
2025-10-03,158036.93,159410.85,157384.25,158421.96
2025-10-06,159209.13,159702.99,157136.37,158459.84
2025-10-07,163052.38,164328.74,161760.03,163374.61
2025-10-08,163215.05,163501.27,161282.43,162788.96
2025-10-09,165538.23,167002.31,164811.32,165876.88
2025-10-10,162518.52,163142.97,162416.64,162664.19
2025-10-13,158572.25,160679.58,158246.79,160115.44
2025-10-14,161814.29,162980.0,160617.09,162009.83
2025-10-15,164924.09,165245.75,163330.58,164864.01
2025-10-16,162195.13,164337.57,160723.6,162461.38
2025-10-17,163733.65,164611.81,161448.7,162587.5
2025-10-20,158412.98,159824.08,158251.86,159151.3
2025-10-21,158403.23,158816.34,158370.36,158760.72
2025-10-22,160349.5,162559.4,158844.51,160930.93
2025-10-23,159535.59,161096.59,158483.85,159895.77
2025-10-24,159991.82,160791.28,157836.57,159333.11
2025-10-27,157513.85,157977.95,156279.48,156585.36
2025-10-28,154622.13,156442.63,153866.17,155056.17
2025-10-29,159012.03,161281.89,157258.12,159472.56
2025-10-30,158981.63,160449.06,158654.26,159719.18
2025-10-31,158104.2,158360.09,157164.11,157280.23
2025-11-03,157268.23,157474.3,155336.89,156564.61
2025-11-04,152670.89,152747.28,151581.67,152735.62
2025-11-05,149537.83,151717.71,147829.45,150375.24
2025-11-06,152891.31,155502.51,151228.22,153692.52
2025-11-07,153513.64,155342.57,152029.27,153408.9
2025-11-10,158456.05,159947.18,158071.9,158108.25
2025-11-11,156633.8,158241.04,155730.86,157933.67
2025-11-12,157704.04,159759.51,156008.22,157906.86
2025-11-13,160608.31,161240.1,158741.63,159572.02
2025-11-14,152922.74,153668.59,151157.13,153055.85
2025-11-17,154529.61,155804.18,152408.82,153611.57
2025-11-18,153953.21,154043.82,153352.35,153554.04
2025-11-19,156571.87,158810.67,155615.02,157252.42
2025-11-20,159536.17,161634.55,158204.46,159723.05
2025-11-21,156878.16,158418.79,156755.1,156958.94
2025-11-24,159514.19,161625.07,158854.47,160123.1
2025-11-25,158908.6,160273.46,157541.19,159526.28
2025-11-26,158283.66,158408.87,157036.0,157332.54
2025-11-27,157268.28,159386.11,156610.89,157884.32
2025-11-28,158124.05,159257.15,156139.95,157443.41
2025-12-01,161087.15,163129.51,159588.0,161368.65
2025-12-02,162284.35,162526.84,161274.59,162300.99
2025-12-03,163258.63,163856.4,161021.76,162892.14
2025-12-04,164889.36,165999.95,163058.43,165284.62
2025-12-05,168603.28,169985.72,167265.01,168220.71
2025-12-08,168988.15,171987.68,168663.14,170377.12
2025-12-09,174604.67,176618.26,172681.2,174297.84
2025-12-10,174316.77,176670.58,173808.17,176046.52
2025-12-11,176421.84,177628.01,174637.54,176582.0
2025-12-12,180749.89,180812.71,178864.16,180133.33
2025-12-15,180395.53,180943.18,179096.06,179947.05
2025-12-16,179179.74,180921.11,177983.42,180112.75
2025-12-17,184272.11,186455.49,183093.93,185136.27
2025-12-18,189478.81,191075.02,187376.2,190001.49
2025-12-19,190194.04,191025.89,189563.54,190052.43
2025-12-22,187246.57,190188.38,185161.03,188774.66
2025-12-23,193241.51,195173.31,193168.84,193251.73
2025-12-24,196024.88,196593.39,193973.7,195780.84
2025-12-25,196611.66,197644.26,194441.85,196834.38
2025-12-26,196328.99,197989.75,194990.46,195916.88
2025-12-29,197197.53,199038.43,196848.39,197021.14
2025-12-30,196605.53,198983.52,194707.11,197031.96
2025-12-31,193553.84,195548.67,191596.16,195058.68
